system,workload,autocorrelation
a_7z,7z,0.7771081988898908
a_7z,7z_medium,0.5684968045275876
a_7z,7z_small,0.5591177738782546
