system,workload,autocorrelation
kanzi,ambivert,0.33897275651865105
kanzi,artificl,0.36517204347057924
kanzi,deepfield,0.3286631417773923
kanzi,enwik8,0.31564101063015804
kanzi,fannie_mae_500k,0.3155969016931108
kanzi,large,0.3363897342662893
kanzi,misc,0.3765769207014996
kanzi,silesia,0.32875477163438144
kanzi,vmlinux,0.4396052777592334
