system,workload,FDC
a_7z,7z,0.14242523367616627
a_7z,7z_large,0.13479999962841166
a_7z,7z_medium,0.1485662104279291
a_7z,7z_small,0.11515395690999385
