Workload,Spearman_Correlation
beethoven,0.3973582220485717
dual-channel,0.38051225971568464
helix,0.3098641705825821
single-channel,0.4443892700945634
speech,0.36625466355708786
sweep,0.7258152563806783
