system,workload,local_optima_ratio,quality,max_basin,min_basin,hamming_r
jump3r,beethoven,0.04051477597712107,0.3758511002818806,579,0,1
jump3r,dual-channel,0.04194470924690181,0.534030821301044,533,0,1
jump3r,helix,0.04408960915157293,0.5098892361610744,414,0,1
jump3r,single-channel,0.047664442326024785,0.4496315831390549,527,0,1
jump3r,speech,0.04218303145853194,0.39616843676398655,436,0,1
jump3r,sweep,0.055529075309818876,0.467200052506793,375,0,1
